"path","sha256","bytes","media_type","provenance_status","creator_or_source","license_or_permission","modifications","required_credit"
"source/Test1/fig1.png","0f02682a27f8074975f5c9c1c846e255795cf16a581afabd0ae8759bb2c99ce4","2574514","png","unverified","","","",""
"source/Test1/fig10.png","8e8dce94e07be4a549b0cd7d0a20c5e39ea3037d4a99723589b392ce4d0a31af","2756843","png","unverified","","","",""
"source/Test1/fig2.png","928e4c0c527d181c949485a74970bf8b5331692a13600513aa7897e62f1fab77","3073546","png","unverified","","","",""
"source/Test1/fig3.png","a903ccab49608648ca71788e0237f7b2012ffa41dcd66594d6b579b0169b5b36","3161249","png","unverified","","","",""
"source/Test1/fig4.png","1fc44ad15508cdad350005d8edac6b2f4037cc339065429ef62d621229d9a6f2","3002814","png","unverified","","","",""
"source/Test1/fig5.png","e34e642da722f1ac10b454ac7f94161b407dc3adfcb10578ef54c3022674f327","2919823","png","unverified","","","",""
"source/Test1/fig6.png","740ea5d568c49ddbcea3bbdeb1a7d583b27b5b503088e1933790726ae5158f93","2896678","png","unverified","","","",""
"source/Test1/fig7.png","a959f8bf4eeb49c9f6689b88630d4fe56c499cecd8c7a9cc7b494fea1843b723","2601900","png","unverified","","","",""
"source/Test1/fig8.png","e5e862f5e78ecf22d165f3f6c1fd3a9884b3464dfdfe0bfabb8cac71b31a51f6","2611030","png","unverified","","","",""
"source/Test1/fig9.png","bf8e3619151014083038b0c30b52bbf1a19bbad8ed3dba40463c85eb334a425b","2968751","png","unverified","","","",""
"source/Test2/01.jpg","abeed15504faa63c2ffb071bf9f7544b9841cc26b00dfd64cf14f2ec717df6ef","73427","jpg","unverified","","","",""
"source/Test2/02.jpg","2b6a1acc3fd215dde40d495c37ad55d9085223c062e89fbe3a8900ff0d31a72a","82115","jpg","unverified","","","",""
"source/Test2/03.jpg","6b05cade8cc88fdd3f520f4afe59975001ea2170b1b011addfe85c22c9f4eb99","69926","jpg","unverified","","","",""
"source/Test2/04.jpg","86edafb5f111e3ed143e4b929ad1a221a81e523bd7bddd45825a444363500ac2","69457","jpg","unverified","","","",""
"source/Test2/10A.jpg","02fd7e10fc80de28b818afecdc5783eee09da49812cf4962058479f5579e1c8b","1429640","jpg","unverified","","","",""
"source/Test2/10B.jpg","77dd2f1ed0b2b6fcf9d979eb6ff8014fbda40425ea57bff747d08f6e2d01be02","132075","jpg","unverified","","","",""
"source/Test2/10C.jpg","69f110a69d4b5aa7f09bbf3b9e8e05252d4cd9674eaba8c45d3f559ad2ed9d83","118789","jpg","unverified","","","",""
"source/Test2/10D.jpg","91853afeef6de6d3a1268bd50b3e117e2c765373e536b61f924b1ffbd72138be","117640","jpg","unverified","","","",""
"source/Test2/11A.jpg","600831ef68baab81a42d8e86975ca3f9119f766c98b074b4983589b5077c4ecf","114801","jpg","unverified","","","",""
"source/Test2/11B.jpg","2bf0075160869518e2ddc3ddf5bae91cfbabdf29ab89d2ace81ce731e3a8051f","121073","jpg","unverified","","","",""
"source/Test2/11C.jpg","44395ade386999b24215e73f25353293496988e211459b05634602719bfa195d","5969033","jpg","unverified","","","",""
"source/Test2/11D.jpg","1b57d6578eea7e5faff6a5708d1fdb3f4c144f13071552f3bff4595e0e7ff11e","6015152","jpg","unverified","","","",""
"source/Test2/12A.jpg","14166fc466eca9ce74c2ad6132faefc72e7c3723aa67bed4d23b01ec81a03379","106345","jpg","unverified","","","",""
"source/Test2/12B.jpg","792b0744935625770289c9e62070f1adb4bfd65aeaf1609d8ce7c840915f311f","639826","jpg","unverified","","","",""
"source/Test2/12C.jpg","0079fe4b8e45378a4741b9641ddbdb63bbe9996cfad866f8385ff8d3b02b58af","130005","jpg","unverified","","","",""
"source/Test2/12D.jpg","db6b97ca6ec6c3c7011006d584a48c64d97d78edceea66948cb72e0dcc868a02","127782","jpg","unverified","","","",""
"source/Test2/13A.jpg","ed9c73eda80491f6aa04ffadfc4cc79e6c936ef0710015acd03d03816be6a9a2","116435","jpg","unverified","","","",""
"source/Test2/13B.jpg","7ba894660635d1cb3402a6abfcb78154a6d88a76d8df67e9ff1ba00e9e222016","5791600","jpg","unverified","","","",""
"source/Test2/13C.jpg","3411ac3e7c3e0378410ae876645b837cd509c4292d213eb70843895294e66147","5670159","jpg","unverified","","","",""
"source/Test2/13D.jpg","00c87492708a3c78b55f1e30b785e6ee23084ca7e855b5764e95694584300b08","112984","jpg","unverified","","","",""
"source/Test2/14A.jpg","99cc232a5bb92acfdd2d00e57cbc3c56dedeafd95b821473b3b0e633a078e531","104952","jpg","unverified","","","",""
"source/Test2/14B.jpg","69c3090dbafafaa151564fe7aa28834fda4fefa55b0d6348c8f3ddabcbb8f45a","664282","jpg","unverified","","","",""
"source/Test2/14C.jpg","38cf70c6b884dd3bc496caa2d5c498c40f3d981e0321f9e31024ea5b470607d7","5706873","jpg","unverified","","","",""
"source/Test2/14D.jpg","bda47ca7d2f9f6a4d3dbb92af02f3eb8f3d84e61005c8cdfe3bbdec1c0a569cb","111160","jpg","unverified","","","",""
"source/Test2/15A.jpg","10df09c19f430e1ba86e567f393d305c9183d6ee6cc12b961ae5c95e7c4d9a06","111847","jpg","unverified","","","",""
"source/Test2/15B.jpg","8ecf52939eb8c20d3ddcb110b9e4f7058754eb2675f71c5b7b8f90535eb1af68","5227047","jpg","unverified","","","",""
"source/Test2/15C.jpg","9d00d676b8bdc9cd046274a0dc660d80ccda7f343ecbc0197cce433426a821a6","6007760","jpg","unverified","","","",""
"source/Test2/15D.jpg","54657689fcddb60da13559d0994a6d735bdc42b13ab0775b425c3bb42a78d1a8","6188055","jpg","unverified","","","",""
"source/Test2/16A.jpg","844fe483d23c1dde8810b2066f0f009c098fddb57531483365030e8225e5ea5a","111941","jpg","unverified","","","",""
"source/Test2/16B.jpg","5e0ec7dfbb5370bc46c26f5bad44c08780f93071756af211ecd9dc30b1aeaca9","119301","jpg","unverified","","","",""
"source/Test2/16C.jpg","73f993cf73d12864be5f5dd6e7252977360f54d0e0d96cbc2e1095417a74f1ba","111052","jpg","unverified","","","",""
"source/Test2/16D.jpg","60a31248b74923d0a9f331596a89afff6869825a58fde1f29fefb9612f1e89b0","115089","jpg","unverified","","","",""
"source/Test2/17A.jpg","55c9f4759de9ac4ee2cbea06ede179b32a471d16a148c4f1177b1478eabfdec0","5503374","jpg","unverified","","","",""
"source/Test2/17B.jpg","efa080118d383311d7dc46105211c7876b65b2106abba1a2ea743fe6dbe04788","104451","jpg","unverified","","","",""
"source/Test2/17C.jpg","81f9e46a7813121b229b9254ccdc4148f589af9889d83bc8c9428f899fa46dad","120987","jpg","unverified","","","",""
"source/Test2/17D.jpg","e9460a76e516a567fd27057bab90d6f8f54206dc3ea66fb07e0e17b32e322ca7","114965","jpg","unverified","","","",""
"source/Test2/18A.jpg","7d8c9141d96d0d4ec09e1313e262b7e1514de70d2d6e27eaca77dbce694fb9d1","5358045","jpg","unverified","","","",""
"source/Test2/18B.jpg","4e50a29caae98572b107272b6896cbc9c19abf1d3da6243a01d90f09a0f3079d","5842192","jpg","unverified","","","",""
"source/Test2/18C.jpg","3fc4cbbc872b848cdb00b6a20e0d2fee336068527335c4551480808e9991ca98","5653541","jpg","unverified","","","",""
"source/Test2/18D.jpg","1ef7fa8becc715594fa0d79122e8b1c6dd9466d4fd41a943bec2b3f1ddf13055","5884932","jpg","unverified","","","",""
"source/Test2/1A.jpg","281ddfed4628b1c53663dc97513c9d081180eed00835933c3802cc05cddcee01","5620841","jpg","unverified","","","",""
"source/Test2/1B.jpg","37cd716e47faa2047238dfb784c1d21c5060b5b271c953491dc28f14f9b10844","5818385","jpg","unverified","","","",""
"source/Test2/1C.jpg","1609a79d2db3436093c4f215e86779c9f3249c8cac4a43f0c7e79b167eaa46c9","108192","jpg","unverified","","","",""
"source/Test2/1D.jpg","b85013d1a63a47f86c5f73fea238f41e674e90ce3d0fd4f90ca44f8f0c882b75","5454624","jpg","unverified","","","",""
"source/Test2/2A.jpg","5b54da3009a93ec4194713ed634e80ecc8c26ef5a2e7dda404947199e96022d0","2600590","jpg","unverified","","","",""
"source/Test2/2B.jpg","b6bdcc76ef9a73d24e6e52a39e487cd5ce7fc663979d2d42eda647be689ba1b1","106041","jpg","unverified","","","",""
"source/Test2/2C.jpg","15aeb10837e8f495efea4181de296d8e0b498154780b12f2aebaa9b4d3dce3d8","524966","jpg","unverified","","","",""
"source/Test2/2D.jpg","ea6f9c8e948409f5f728bf2899bffa0d23e0a6335926f6b7d150124253d4da94","1373447","jpg","unverified","","","",""
"source/Test2/3A.jpg","95f30dbe614f93c64fd4ae55c39c4fefdd022e58582949cb69a336c7424dea38","596978","jpg","unverified","","","",""
"source/Test2/3B.jpg","564da01a0a834c65eee29ecf1f3b6df3a494e3b957e0d4fde274164e2ce5ed8e","559904","jpg","unverified","","","",""
"source/Test2/3C.jpg","385a18af139ae7450511b31242f152fb8e038efe5991b88434ebc5bbc3e59744","558048","jpg","unverified","","","",""
"source/Test2/3D.jpg","90eb7e7c2ac3a5e1d2ae0777adab87356c624731abf384dd69f61e9b12d105ee","553443","jpg","unverified","","","",""
"source/Test2/4A.jpg","c3151902d55ab0280249c0313caf9e385da7dc0896388edd1b6cf1a6639ab542","118761","jpg","unverified","","","",""
"source/Test2/4B.jpg","b382507b46566d0154f8253a689286d44568d5561e288a41bbbaba0e1e6a34ee","108671","jpg","unverified","","","",""
"source/Test2/4C.jpg","442d691233707fa982f203a6a382aabb95cd876a6ef7b9af20ea4abd802ed573","119114","jpg","unverified","","","",""
"source/Test2/4D.jpg","ca81cf47cc8be4f13e983e695b7cbab56329a2b315e50fe5657812370a6ad82b","74351","jpg","unverified","","","",""
"source/Test2/5A.jpg","29d858f1863139f5595bfc1fa91d84ccda8b70c8be4aac93856cecd80abf11d0","469068","jpg","unverified","","","",""
"source/Test2/5B.jpg","e05c078af24723894c361c4c568650dd909ad5d25059112d433646f7a980adca","112944","jpg","unverified","","","",""
"source/Test2/5C.jpg","02957f4430842a1770d0cececb4ec032bec14c19656b9fa2366c81f446843a2d","126607","jpg","unverified","","","",""
"source/Test2/5D.jpg","5591bd2063772cd725b813d13c0ceddb8f589f3987bad1b8ae8c51574b047511","6005885","jpg","unverified","","","",""
"source/Test2/6A.jpg","20375d49eb999d1afbaa7f2c88131af6316cfcc6e15b4bdf2e6b9c70569fd166","96292","jpg","unverified","","","",""
"source/Test2/6B.jpg","a695c1ffffa71a0d5f13532f46a39361428b5fd898671cab0132db305d44f756","457876","jpg","unverified","","","",""
"source/Test2/6C.jpg","628b153fe1899aa6557a0e4799611b759e2ce445ebe2dd528537ac678fd4022a","91025","jpg","unverified","","","",""
"source/Test2/6D.jpg","9ec11a9c4df5d6ca4fef133719001e6f582c9f29cd759d5de66538b46cdecef8","5873066","jpg","unverified","","","",""
"source/Test2/7A.jpg","43387752d484d29bd2ce3a7a1377906021a4d2da58c9cbdd8b70d694192bb099","108471","jpg","unverified","","","",""
"source/Test2/7B.jpg","a7d246fafc0e5e12fe7fc8ade3b200acd1b3f69d6bb656116a6226f123cb6ed4","123865","jpg","unverified","","","",""
"source/Test2/7C.jpg","55ed254e8359b9477f40e9f5281d5d933b52c6f21d40c72d889a629ee3257301","5511680","jpg","unverified","","","",""
"source/Test2/7D.jpg","c38ff9d4001afbbe6e7c99b4e357e1139893cd408ff5f86781fa0771c79dec09","98663","jpg","unverified","","","",""
"source/Test2/8A.jpg","5f0a982ddae5f494c285e8a5f428d16626815519fcc0231f984aabeaf4cfeb61","6180586","jpg","unverified","","","",""
"source/Test2/8B.jpg","eabbcb585a9e9afdbde47abe72f197f5c9ca3b2f9fb79a1088a3a64de48d58e4","5566245","jpg","unverified","","","",""
"source/Test2/8C.jpg","53e71faef4ae09481c60794ad5728fdfb9b9ac867f1008b16ec718d011186e2d","105541","jpg","unverified","","","",""
"source/Test2/8D.jpg","bc698f4bd17e3ff4bc87ea0599fecdfca706645d24cee7aace1dff6b0e165632","118797","jpg","unverified","","","",""
"source/Test2/9A.jpg","2dffeac82b0111ab4816366e9a166bed45d3ea295e9662f869b8b65c4e4b97a8","78275","jpg","unverified","","","",""
"source/Test2/9B.jpg","b0ad388244e630cacc1180618c48cdbb146ccdb80452e7be158035e1f1aae468","5895700","jpg","unverified","","","",""
"source/Test2/9C.jpg","3ea20684ddd96467bc027564401fc24c5308f0770ce31a8fab6c04ce5cda6765","5524519","jpg","unverified","","","",""
"source/Test2/9D.jpg","ede93eeff156162b7fff7a4740393e95cb581ecf9e414765a0955e8df38230a7","1409820","jpg","unverified","","","",""
"source/Test3/仓库1(集成脏布草回收桶).png","4fed7368db4099a709b13ad4b40df984ac9af70d9b714b8027eddae61cd323ad","5568017","png","unverified","","","",""
"source/Test3/仓库1.jpg","019ac087498693d0e5de2ff5ff05f3f02da7c3c899f23396f863d6f1139f8f95","120568","jpg","unverified","","","",""
"source/Test3/入口.jpg","52ac0894f8ac62975415ac7ae24f7478595d481bd990cd91a094afcc754cd582","293531","jpg","unverified","","","",""
"source/Test3/办公室.png","0233159b1237ab5cddd79e1e4de102d2206b106eb5a2aaf89bcb58208701395f","5533065","png","unverified","","","",""
"source/Test3/取布草的货架.jpg","e7de2410e6c44ed39557e9b52654f0cb35d04b284ff47a62a1d95c023494435e","109086","jpg","unverified","","","",""
"source/Test3/大床单.png","b6c4e3f5d3a4c65cee0f8a3261f5daa871513f5fe229570aacb6c67b4cb5f89c","152753","png","unverified","","","",""
"source/Test3/大被套.png","826accfee37e20700f4624be86ae5a75affd3af8b4f4d9739533cd8c1e0efe3c","183583","png","unverified","","","",""
"source/Test3/小被套.png","b8064f507fc72362dbd90abddce387d5a0c34f626ab79f7a0b6f73d343f9d7ca","174382","png","unverified","","","",""
"source/Test3/布草间-空.jpg","b114d62f10534a0205e237d9cfeaaeb75e61f23461419481d48472457e435727","224727","jpg","unverified","","","",""
"source/Test3/拿布草.mp4","206c7ec3d919c0186a36611e3f983b35fa9284a7879d4d9f641d01110d16bd12","5104719","mp4","unverified","","","",""
"source/Test3/推车-布草.png","2c0c58006dc6953a99ef13e3388b632a456ec1743983b70403130a54431e0c55","325062","png","unverified","","","",""
"source/Test3/推车-空.png","38b49ffc20fac2a3e9ee8400dcf7f454ed357ca90294c29c97539fb17ed3eb33","301533","png","unverified","","","",""
"source/Test3/推车-脏布草.png","72c603f4fa01ebcdc3613121ac34e0d636fd21e306480d501a73e90873fd9eb7","139966","png","unverified","","","",""
"source/Test3/放布草.mp4","11eea96d0c509007bb42f40fc6b3c9fb9557f8ff24e14b4d23edd7391e91b15c","6127455","mp4","unverified","","","",""
"source/Test3/晚安巾.png","fa371ed8d88414d95681f456822777897fb85c0c776f47e353313b4e82f6f2e7","282735","png","unverified","","","",""
"source/Test3/枕巾.png","e901c316764b87b3d13be1d15b7bf5ee346c1836c774d7e0f6a7d2f705a1925a","301091","png","unverified","","","",""
"source/Test3/楼层走廊-前.png","db89400ed8408dd0c775d72b21c9b575b6e3b18fd9f6c97cf4cd9830e971364f","5668599","png","unverified","","","",""
"source/Test3/楼层走廊-后.jpg","d5bed76159723ae0262e83ce0817ad4647b5c45579ef3e08b1bb4903acb16b15","218881","jpg","unverified","","","",""
"source/Test3/毛巾.png","23b32113f0b85e302b6880d5258e52308ed41993febcb9da159ebd24dd17f9ce","120705","png","unverified","","","",""
"source/Test3/申领表.png","531fde656a9f42a87f7557f721b3106a22e2dd89268d3009d7deec9d49b4c121","26563","png","unverified","","","",""
"source/Test3/电梯内.jpg","a42327a4d61a1c564167f819a3b6fe73dd979e61fe8260203f47d2f6a817f42b","138881","jpg","unverified","","","",""
"source/Test3/电梯厅.jpg","c5bdf6b4e9f0dc9aaa3f229cdd97cebc80e1d8314469707c34ec0c32091cfd55","179027","jpg","unverified","","","",""
"source/Test3/脏布草.mp4","394b6688a6d35b9d19ac06cecd6d87723d3b12daeb91a45f06c33c70737f24f1","3590489","mp4","unverified","","","",""
"source/Test3/脏布草.png","4e9ff55d6f03c91fbdadcb6494e594d675f0a24476b6974c213d36f64af18e4c","133217","png","unverified","","","",""
"source/Test3/脏布草回收.png","27c9c0619cc03a0609d2c1abf804957bbf132de5304ce54e712696a02aed8e26","309883","png","unverified","","","",""
"source/Test3/走廊-状态2（正常打卡）.jpg","40c8010e43c5470ef36f9b21479a27c313bea350108b4fb1e4747dda536cf81d","163847","jpg","unverified","","","",""
"source/Test3/走廊-状态2（迟到打卡）.jpg","7151039bc8ddf4c53d120dfcc6df4712ee87cfcf0f069a42ec57a092e1f4801b","5238111","jpg","unverified","","","",""
"source/Test3/走廊-状态3（下班打卡）.jpg","6d9ad3ce0f72536e84bcbde997eba846a23c12149464516790a65e15014cafa6","5969861","jpg","unverified","","","",""
